"Patient_ID","Email","Street_address","City","State","Zip"
1,"YunPor5@gmail.com","872 Jakubowski Creek","New York","New York",10007
2,"ColJal8@yahoo.com","347 Immanuel Mountains","New York","New York",10007
3,"LigAus2@gmail.com","6040 Williamson Curve","New York","New York",10012
4,"AliJor1@aol.com","93049 Audley Island","New York","New York",10006
5,"DzeMer1@gmail.com","939 Nicolas Loaf Suite 330","New York","New York",10012
6,"al-Bad5@verizon.net","4726 Warren Square Suite 033","New York","New York",10013
7,"HriNat3@aol.com","7683 Connelly Knolls","New York","New York",10006
8,"WatAle4@aol.com","684 Ivette Isle","New York","New York",10005
9,"JohKia8@gmail.com","1373 Ancel Cape Suite 589","New York","New York",10012
10,"RadTin7@gmail.com","124 Vicente Shores Suite 283","New York","New York",10002
11,"al-Abd2@fastmail.net","4147 Jeraldine Groves","New York","New York",10007
12,"SaiJos6@aol.com","03478 Shane Junction","New York","New York",10006
13,"FraZac9@verizon.net","2480 Albion Crossing Suite 338","New York","New York",10005
14,"SchYou7@fastmail.net","704 Friesen Neck Apt. 922","New York","New York",10005
15,"al-Zaa7@gmail.com","31314 Festus Mountains Suite 390","New York","New York",10005
16,"HeaDav5@gmail.com","7725 Bode Plain Suite 603","New York","New York",10007
17,"al-Ane1@fastmail.net","932 Damond Burg","New York","New York",10002
18,"WalBre4@fastmail.net","779 Sharleen Greens Apt. 259","New York","New York",10007
19,"BatAly6@verizon.net","96569 Cassin Plains Apt. 666","New York","New York",10012
20,"XioAdh2@yahoo.com","538 Nona Locks","New York","New York",10002
21,"OsuTer8@gmail.com","61536 Khloe Stream","New York","New York",10006
22,"VigPed8@fastmail.net","349 Boyer Road Apt. 871","New York","New York",10013
23,"KeaYve1@aol.com","9365 Isobel Views Apt. 574","New York","New York",10007
24,"AsuLor4@gmail.com","16436 Darcy Shores Apt. 694","New York","New York",10006
25,"MoxJer5@verizon.net","8164 Marlys Mount Suite 225","New York","New York",10002
26,"PraKia3@gmail.com","84067 Sonia Heights Suite 252","New York","New York",10007
27,"el-His5@verizon.net","57902 Koch Port","New York","New York",10013
28,"ShiMit9@gmail.com","427 Genesis Cliffs Apt. 692","New York","New York",10006
29,"CoyJer6@yahoo.com","059 Klocko Keys Suite 145","New York","New York",10007
30,"SirRic4@verizon.net","50212 Jadiel View Suite 189","New York","New York",10006
31,"CelCan3@aol.com","122 O'Conner Flat","New York","New York",10013
32,"al-Jum4@gmail.com","4752 Predovic Trafficway","New York","New York",10006
33,"NelSha1@fastmail.net","94269 Wisoky Shoal Apt. 693","New York","New York",10013
34,"el-Sha2@verizon.net","92820 Neoma Mall Apt. 013","New York","New York",10007
35,"al-Lab5@aol.com","0791 Howe Causeway Apt. 275","New York","New York",10002
36,"PetZac8@yahoo.com","033 Gray Overpass Apt. 082","New York","New York",10006
37,"NicDak3@gmail.com","728 Rogahn Ville Apt. 421","New York","New York",10007
38,"HaiEli6@verizon.net","6766 Heller Crescent Apt. 106","New York","New York",10002
39,"al-Mah6@gmail.com","3399 Kub Lock Apt. 091","New York","New York",10005
40,"PadAll4@aol.com","884 Cummings Radial","New York","New York",10005
41,"el-Afr4@gmail.com","65427 Victoriano Street","New York","New York",10007
42,"LewMih9@verizon.net","8925 Bauch Divide Apt. 302","New York","New York",10013
43,"CorRit8@gmail.com","9027 Arley Knoll","New York","New York",10006
44,"GruMat4@yahoo.com","634 Garrick Parkway","New York","New York",10013
45,"AndTom3@verizon.net","3441 Braun Parkway","New York","New York",10007
46,"BanCyn3@yahoo.com","914 Turner Shores Apt. 587","New York","New York",10005
47,"CooBri7@gmail.com","3569 Pacocha Mount Suite 098","New York","New York",10012
48,"VerKac9@aol.com","0711 Nonie Gateway Apt. 222","New York","New York",10012
49,"ClaDew1@aol.com","91842 Cody Wall","New York","New York",10012
50,"ElyRob1@fastmail.net","084 Jacobs River Apt. 762","New York","New York",10012
51,"ScoKen8@gmail.com","0962 Sauer Way","New York","New York",10002
52,"McmAlt2@gmail.com","6269 Kaela Mills Suite 172","New York","New York",10007
53,"ArrEve8@verizon.net","972 Hand Camp Apt. 381","New York","New York",10002
54,"VasAsh2@fastmail.net","6101 Emard Islands","New York","New York",10007
55,"HawChe4@gmail.com","3643 Queen Point","New York","New York",10006
56,"BosNar7@gmail.com","028 Cremin Locks","New York","New York",10006
57,"CamJes5@gmail.com","39666 Celina Via Apt. 300","New York","New York",10012
58,"KelSha4@fastmail.net","1847 Cole Trail Suite 859","New York","New York",10002
59,"TayKan9@verizon.net","10340 Carson Field Apt. 977","New York","New York",10002
60,"ChaJor8@fastmail.net","0842 Storm Freeway Suite 367","New York","New York",10013
61,"GroMar2@yahoo.com","54212 Sal Park","New York","New York",10007
62,"TamEun5@fastmail.net","409 Heller Valley Suite 693","New York","New York",10002
63,"WalAut5@verizon.net","737 Jo Club","New York","New York",10005
64,"HofCas3@gmail.com","1567 Frami Wall","New York","New York",10012
65,"RamDan4@aol.com","182 Ankunding Meadow Apt. 620","New York","New York",10013
66,"BunQua9@gmail.com","4982 Yundt Village","New York","New York",10002
67,"GarAub5@verizon.net","52986 Shonda Forest","New York","New York",10013
68,"HerSah5@yahoo.com","5878 Lois Brook Suite 601","New York","New York",10007
69,"JarDes5@gmail.com","18663 Kaylene Viaduct","New York","New York",10013
70,"SieJor8@gmail.com","27952 Khalil Trafficway Suite 875","New York","New York",10007
71,"MbeAmb3@aol.com","0783 Swift Vista","New York","New York",10007
72,"MccMar1@gmail.com","11593 Dario Keys Apt. 784","New York","New York",10007
73,"HupTay5@yahoo.com","55260 Darold Extensions Suite 226","New York","New York",10013
74,"el-Abd8@gmail.com","9952 Javion Ranch","New York","New York",10012
75,"OrnAbr7@verizon.net","44659 Mafalda Vista","New York","New York",10012
76,"LuuEth2@yahoo.com","87308 Gustavus Islands Apt. 820","New York","New York",10005
77,"TapAnn2@verizon.net","624 Ondricka Meadows Apt. 320","New York","New York",10013
78,"MooBre9@yahoo.com","590 Rene Pass Suite 916","New York","New York",10013
79,"PolAve6@yahoo.com","62075 Less Corners","New York","New York",10012
80,"HerIsa5@gmail.com","66628 Wilderman Flats","New York","New York",10006
81,"BujJes9@gmail.com","875 Kaila Gateway","New York","New York",10002
82,"HalEri3@aol.com","72493 Alvis Courts Suite 784","New York","New York",10013
83,"CamGlo1@gmail.com","954 Clark Trace Apt. 272","New York","New York",10012
84,"MilGov4@gmail.com","0421 Vincenzo Spur Suite 234","New York","New York",10013
85,"MccKri9@gmail.com","1919 Stanislaus Corners Suite 129","New York","New York",10007
86,"el-Bad3@gmail.com","87878 Samatha Crescent","New York","New York",10005
87,"BurCha5@verizon.net","16911 Dicki Trafficway","New York","New York",10012
88,"al-Shu5@gmail.com","80505 Laurine Meadows Suite 546","New York","New York",10006
89,"MeaHar1@aol.com","423 Roob Canyon Apt. 483","New York","New York",10007
90,"DyeKia3@yahoo.com","79270 Judson Valleys Suite 126","New York","New York",10012
91,"PriRob4@fastmail.net","66210 Runolfsdottir Prairie Apt. 056","New York","New York",10013
92,"al-Jas4@verizon.net","399 Ortiz Dale","New York","New York",10002
93,"FarKhr4@verizon.net","43897 Kimball Throughway Suite 613","New York","New York",10007
94,"JohNoe5@aol.com","28685 Ortiz Crossing","New York","New York",10005
95,"MarAre2@fastmail.net","33322 Morissette Square","New York","New York",10005
96,"RocKai4@fastmail.net","9381 Gibson Junction","New York","New York",10007
97,"AckSha1@gmail.com","0332 Legros Lake Suite 510","New York","New York",10007
98,"LiuChe4@verizon.net","73848 Senger Pine Apt. 462","New York","New York",10006
99,"KosMik8@fastmail.net","3870 Antwan Rapids","New York","New York",10005
100,"al-Waj3@fastmail.net","8454 Berge Turnpike","New York","New York",10005
101,"el-Sha3@gmail.com","88803 Marylou Causeway","New York","New York",10002
102,"RamRaj7@gmail.com","18964 Dereon Bypass","New York","New York",10013
103,"HacJen4@verizon.net","45162 Corwin Manors","New York","New York",10007
104,"HarGeo4@fastmail.net","96637 Hudson Groves","New York","New York",10007
105,"MccMel3@aol.com","095 Jenkins Extensions Suite 376","New York","New York",10012
106,"RunDom6@yahoo.com","245 Kody Lane","New York","New York",10002
107,"MilAle7@gmail.com","56384 Linden Motorway","New York","New York",10006
108,"KinJil7@aol.com","39070 O'Connell Street","New York","New York",10012
109,"ApoEsa3@fastmail.net","99489 Doyle Manor Suite 553","New York","New York",10012
110,"RicRic8@fastmail.net","7394 Tiarra Trace","New York","New York",10006
111,"DewKes8@aol.com","22023 Cormier Flat Suite 067","New York","New York",10012
112,"al-Mad7@gmail.com","47179 Jakubowski Ports","New York","New York",10006
113,"RunJer3@aol.com","5368 Jonna Viaduct Suite 678","New York","New York",10012
114,"DelJos3@aol.com","690 Johan Key Suite 239","New York","New York",10006
115,"KraKev6@verizon.net","9866 Boyer Creek","New York","New York",10002
116,"GarRan1@verizon.net","94651 Vandervort Roads Suite 240","New York","New York",10007
117,"BriEth7@gmail.com","56406 Ledner Canyon","New York","New York",10012
118,"MorEdi6@verizon.net","85139 Bose Manors Suite 330","New York","New York",10012
119,"el-Rab4@yahoo.com","112 Rowe Path Suite 005","New York","New York",10007
120,"PerMar1@fastmail.net","706 Arianna Creek","New York","New York",10012
121,"el-Nas7@fastmail.net","68871 Batz Streets Suite 646","New York","New York",10005
122,"WilLou8@yahoo.com","8236 Ullrich Light","New York","New York",10012
123,"CasChe6@gmail.com","6610 Leannon Well Suite 468","New York","New York",10002
124,"KriPat9@yahoo.com","5689 Smith Dam Suite 183","New York","New York",10002
125,"RasMic5@gmail.com","8750 Maryjo Orchard Suite 876","New York","New York",10002
126,"DarBri1@gmail.com","07140 Butch Trafficway Suite 185","New York","New York",10013
127,"GreSte9@gmail.com","10703 O'Connell Cliff Apt. 493","New York","New York",10005
128,"RoyNat5@yahoo.com","2211 Rosalie Landing Apt. 353","New York","New York",10005
129,"OroCor7@verizon.net","0259 Abernathy Curve Apt. 153","New York","New York",10006
130,"HorEli6@fastmail.net","5306 Tarsha Crossroad Apt. 323","New York","New York",10007
131,"EncJay4@yahoo.com","06197 Roslyn Summit Apt. 431","New York","New York",10013
132,"KauKyl2@gmail.com","61891 Lesch Extensions","New York","New York",10012
133,"CarRya6@fastmail.net","186 Carleen Hill Suite 962","New York","New York",10002
134,"SinRib8@yahoo.com","7250 Tyrique Rue Apt. 120","New York","New York",10006
135,"al-Hai7@gmail.com","564 Crooks Junctions","New York","New York",10006
136,"StrEmi5@gmail.com","88634 Schiller Ridge Suite 067","New York","New York",10013
137,"ThoMar8@fastmail.net","2247 Lolla Mill Apt. 791","New York","New York",10002
138,"ReeCha1@gmail.com","9909 Mordechai Points Suite 421","New York","New York",10006
139,"HolBri9@verizon.net","358 Terry Squares Suite 304","New York","New York",10013
140,"GeoSha1@fastmail.net","2586 Boyle Junction","New York","New York",10007
141,"DecNoa4@fastmail.net","137 Bradley Heights","New York","New York",10013
142,"ConLau8@yahoo.com","1955 Rogahn River Apt. 565","New York","New York",10012
143,"al-Nu'6@aol.com","03920 Lakin Ridges","New York","New York",10013
144,"SmiFor4@aol.com","209 Darcy Views","New York","New York",10002
145,"HolCri2@yahoo.com","90684 Kunze Lights Apt. 121","New York","New York",10012
146,"CulAnt7@aol.com","8227 Marylee Avenue Apt. 713","New York","New York",10006
147,"BroHea4@verizon.net","23543 Cindy Streets Apt. 885","New York","New York",10007
148,"RutChi5@gmail.com","7288 Aryana Manor","New York","New York",10006
149,"DouAmy3@aol.com","0093 Rowe Court Suite 599","New York","New York",10012
150,"McwChr5@yahoo.com","95028 Geoff Courts","New York","New York",10002
151,"MicTre2@fastmail.net","20898 Gislason Cape Apt. 561","New York","New York",10002
152,"ThaAus9@verizon.net","058 Vicente Bridge Suite 355","New York","New York",10013
153,"RomAdr7@aol.com","5894 Mertz Ville Suite 776","New York","New York",10006
154,"BurAla3@gmail.com","62453 Boyle Inlet","New York","New York",10006
155,"SmiDal3@fastmail.net","88075 Tillman Mews","New York","New York",10002
156,"ArmMar3@yahoo.com","29686 Schultz River","New York","New York",10005
157,"EchAng6@aol.com","1729 Palma Courts Suite 327","New York","New York",10012
158,"HerJar6@gmail.com","25798 Augustin Light Suite 492","New York","New York",10012
159,"BroCy9@aol.com","649 Ullrich Views Suite 014","New York","New York",10002
160,"LitBre1@gmail.com","42484 Durward Shores","New York","New York",10002
161,"MorSyd8@gmail.com","312 Alphonsus Forest Suite 635","New York","New York",10013
162,"HilKel9@yahoo.com","4139 Conn Bypass Apt. 508","New York","New York",10013
163,"VenSal6@yahoo.com","2158 Denine Green Suite 825","New York","New York",10013
164,"MarJoa2@yahoo.com","0476 Raheem Villages Apt. 846","New York","New York",10012
165,"JacPai5@fastmail.net","7642 Graham Turnpike Apt. 689","New York","New York",10006
166,"SimVer8@verizon.net","82112 Mollie Prairie","New York","New York",10012
167,"RaeJul1@yahoo.com","091 Lesch Union Apt. 269","New York","New York",10006
168,"MarCha4@yahoo.com","8723 Morissette Hills Apt. 616","New York","New York",10007
169,"GarKia5@verizon.net","3376 Lemke Junction","New York","New York",10013
170,"RuiJos6@verizon.net","470 Brittney River","New York","New York",10006
171,"al-Abd9@yahoo.com","01424 Abernathy Groves Apt. 514","New York","New York",10006
172,"MonPho5@yahoo.com","232 Dena Valley Apt. 243","New York","New York",10007
173,"DioChr8@aol.com","402 Kovacek Park","New York","New York",10006
174,"el-Fat8@yahoo.com","69930 Ledner Hollow","New York","New York",10002
175,"VueRac3@gmail.com","0876 Fay Ridges","New York","New York",10007
176,"al-Kaw7@verizon.net","01714 King Heights","New York","New York",10005
177,"el-Ruq3@yahoo.com","53631 Yulisa Row Suite 144","New York","New York",10002
178,"EnrJos2@yahoo.com","7345 Butch Spur Apt. 328","New York","New York",10012
179,"GonCor1@fastmail.net","124 Nitzsche Forge Suite 323","New York","New York",10006
180,"TonJes4@gmail.com","4649 Gusikowski Circle","New York","New York",10002
181,"DilTas5@fastmail.net","3543 Penelope Bridge","New York","New York",10013
182,"MatCou2@yahoo.com","20600 Adin Flat","New York","New York",10007
183,"BerJoc5@fastmail.net","338 Prosacco Parkways","New York","New York",10013
184,"al-Raa8@verizon.net","820 Egbert Loop Apt. 098","New York","New York",10005
185,"LivCol1@fastmail.net","7431 Casey Haven Suite 091","New York","New York",10005
186,"el-Gai1@yahoo.com","480 Ludie Knolls Suite 175","New York","New York",10002
187,"el-Naa2@yahoo.com","6557 Natasha Glen Apt. 716","New York","New York",10005
188,"DiaRon7@fastmail.net","431 Terry Spur Suite 244","New York","New York",10006
189,"ChaRic2@gmail.com","768 Ryan Forges","New York","New York",10007
190,"JonJos3@verizon.net","84189 Cremin Fields Apt. 107","New York","New York",10013
191,"ConDun3@yahoo.com","0964 Batz Green","New York","New York",10002
192,"SteCry2@fastmail.net","78527 McCullough Neck Suite 348","New York","New York",10013
193,"GanDen4@verizon.net","16232 Stroman Light Suite 161","New York","New York",10013
194,"PreSid7@aol.com","87398 Con Curve","New York","New York",10002
195,"JamDan7@aol.com","56905 Melanie Hill Apt. 714","New York","New York",10007
196,"VigPha1@gmail.com","2361 Lillard Roads Apt. 808","New York","New York",10005
197,"CurDar2@aol.com","424 Ali Lakes","New York","New York",10006
198,"KirAmb8@fastmail.net","7556 Joana Burg Apt. 603","New York","New York",10012
199,"al-Jal3@verizon.net","3366 Dolph Drives","New York","New York",10013
200,"RedTho6@gmail.com","989 Wiegand Haven","New York","New York",10012
201,"DurTer6@verizon.net","436 Stehr Coves","New York","New York",10007
202,"al-Mah2@yahoo.com","322 Koch Ville","New York","New York",10013
203,"NewCas5@gmail.com","3791 Hirthe Stravenue","New York","New York",10002
204,"SwiQui4@aol.com","6262 Carter Forges Apt. 303","New York","New York",10007
205,"PriDej5@yahoo.com","39148 Corkery Groves","New York","New York",10002
206,"PayJos7@verizon.net","8272 Oland Walk","New York","New York",10006
207,"RheJan6@verizon.net","779 Pollich River","New York","New York",10007
208,"StoWar7@yahoo.com","8511 Hoppe Skyway Suite 131","New York","New York",10013
209,"ForJos7@verizon.net","04512 Kayleen Brooks Suite 163","New York","New York",10013
210,"SauAar4@gmail.com","353 Gwyn Hill","New York","New York",10007
211,"VilBra6@gmail.com","68020 Bartell Forks Apt. 685","New York","New York",10012
212,"LinKri3@gmail.com","6034 Mayert Trafficway","New York","New York",10006
213,"al-Hum3@gmail.com","758 Thompson Forest Apt. 071","New York","New York",10006
214,"WenKie3@fastmail.net","04610 Mayert Fields Apt. 922","New York","New York",10006
215,"BowSpe1@gmail.com","8417 Macejkovic Union Suite 162","New York","New York",10007
216,"AlePip7@gmail.com","473 Jaskolski Springs","New York","New York",10005
217,"BakSam2@fastmail.net","9926 Joella Causeway","New York","New York",10013
218,"BarMil4@verizon.net","741 Borer Expressway Apt. 074","New York","New York",10012
219,"el-Ahl4@verizon.net","070 Lea Way","New York","New York",10002
220,"RoaGle1@verizon.net","8677 Missy Track","New York","New York",10002
221,"HerEll2@fastmail.net","239 Job Glen Suite 223","New York","New York",10006
222,"KenJer8@gmail.com","768 Fredie Port","New York","New York",10012
223,"HazRob1@yahoo.com","687 Ashlyn Place Suite 177","New York","New York",10012
224,"AraBro8@fastmail.net","142 Christiansen Extension","New York","New York",10007
225,"al-Niz8@gmail.com","645 Ziemann Rapid","New York","New York",10006
226,"LopVin4@gmail.com","792 Ullrich Knolls","New York","New York",10012
227,"FauEde3@verizon.net","81062 Raelyn Falls","New York","New York",10012
228,"el-Tay4@gmail.com","67328 Lonnie Fort","New York","New York",10013
229,"PalDei1@gmail.com","1456 Harris Land","New York","New York",10006
230,"el-Ame3@yahoo.com","60132 Okuneva Well","New York","New York",10013
231,"NalHai6@fastmail.net","5218 Knox Walk Apt. 758","New York","New York",10013
232,"al-Naj3@gmail.com","01167 Dickens View Suite 486","New York","New York",10002
233,"MadHai4@verizon.net","605 Betsy Walk","New York","New York",10005
234,"BufTho2@yahoo.com","4412 Roob Mills Apt. 898","New York","New York",10005
235,"JonCou3@yahoo.com","0052 Eichmann Canyon Apt. 752","New York","New York",10013
236,"LumDel5@yahoo.com","062 Hackett Isle Suite 699","New York","New York",10006
237,"MccAly2@verizon.net","644 Arlis Plains Apt. 439","New York","New York",10013
238,"el-Aqe6@aol.com","4576 Shanahan Ridges","New York","New York",10005
239,"PerPhi7@aol.com","448 Ryder Park Suite 118","New York","New York",10005
240,"PatKan5@verizon.net","73129 Lelar Key Apt. 056","New York","New York",10005
241,"PlaKyl1@gmail.com","5410 Charlton Parkway","New York","New York",10007
242,"ChaAna7@aol.com","966 Kuhn Heights","New York","New York",10012
243,"HazBil6@verizon.net","24585 Ottilie Valleys","New York","New York",10007
244,"al-Zam4@gmail.com","7717 Tromp Circles Suite 262","New York","New York",10007
245,"BunAnd6@gmail.com","8825 Langworth Brooks","New York","New York",10006
246,"el-Mud1@gmail.com","9444 Tillman Drive","New York","New York",10002
247,"CarLis2@gmail.com","499 Daugherty Points","New York","New York",10007
248,"VilLan4@gmail.com","65636 Latoya Point Apt. 350","New York","New York",10013
249,"YanRoh9@gmail.com","477 Lueilwitz Rue","New York","New York",10012
250,"al-Faa5@fastmail.net","464 Kareen Viaduct Apt. 221","New York","New York",10005
251,"PapEve8@gmail.com","139 Bronson Junctions Apt. 261","New York","New York",10013
252,"KlaEri8@aol.com","38660 Ledner Knolls","New York","New York",10013
253,"MonChr6@yahoo.com","5918 Missouri Park Suite 554","New York","New York",10012
254,"KirJam8@gmail.com","619 Maryellen Divide Suite 589","New York","New York",10005
255,"HamJos3@gmail.com","68416 Heathcote Wall","New York","New York",10005
256,"el-Ins7@fastmail.net","7114 Illya Forge Suite 653","New York","New York",10005
257,"ArvSie5@gmail.com","98905 Mell Wells","New York","New York",10012
258,"ScoJer3@gmail.com","32331 Theola Motorway","New York","New York",10007
259,"YaoJeo9@gmail.com","22580 Bogisich Island","New York","New York",10006
260,"el-Saw5@yahoo.com","3776 Wolf Glen Suite 192","New York","New York",10013
261,"KanYas8@aol.com","873 Tiera Light Suite 605","New York","New York",10005
262,"MeiReg2@fastmail.net","873 Earlie Hill Apt. 930","New York","New York",10006
263,"OlsJaz9@verizon.net","3475 Star Corner Apt. 730","New York","New York",10005
264,"RucDeb3@yahoo.com","133 Stroman Lodge","New York","New York",10013
265,"GarMar6@gmail.com","464 Kreiger Prairie Apt. 257","New York","New York",10007
266,"RodSte4@aol.com","58027 Birdella Summit","New York","New York",10007
267,"el-Abd9@aol.com","5824 Vera Place","New York","New York",10006
268,"SapAar4@gmail.com","794 Wilderman Hollow Apt. 159","New York","New York",10002
269,"JonNic1@yahoo.com","59156 Pfeffer Junction Suite 141","New York","New York",10006
270,"al-War1@verizon.net","63586 Schoen Junctions","New York","New York",10007
271,"ConPau1@yahoo.com","579 Ozell Place","New York","New York",10013
272,"HerRoc8@yahoo.com","913 Serina Way","New York","New York",10007
273,"SolPau1@fastmail.net","180 Koss Land","New York","New York",10005
274,"al-Waj1@fastmail.net","146 Alesha Bypass","New York","New York",10005
275,"al-Muz8@yahoo.com","50805 Wilderman Crossing","New York","New York",10013
276,"OliAri3@fastmail.net","081 Jalisa Burg","New York","New York",10007
277,"OrtNoa7@gmail.com","811 Kuhlman Hollow Suite 341","New York","New York",10007
278,"el-Raa5@gmail.com","358 Alia Union","New York","New York",10012
279,"WriRol5@aol.com","2848 Erle Extensions Suite 169","New York","New York",10006
280,"TyrAnd7@yahoo.com","25068 Parker Orchard","New York","New York",10013
281,"AuyMeg7@aol.com","240 Brycen Cliff Suite 069","New York","New York",10002
282,"XiaAly7@gmail.com","22156 Marcelle Crescent","New York","New York",10012
283,"ThoJam3@gmail.com","56010 Pate Points","New York","New York",10012
284,"el-Mus2@gmail.com","1372 Trinity Brooks Suite 102","New York","New York",10006
285,"JohQwa5@yahoo.com","93244 Breann Bypass Suite 205","New York","New York",10013
286,"NguNhi5@verizon.net","077 Reubin Field Suite 473","New York","New York",10012
287,"LeaNas2@gmail.com","5042 Gianna Plaza","New York","New York",10002
288,"TorTri9@gmail.com","0854 Carole Mountains Apt. 198","New York","New York",10005
289,"MalDia1@gmail.com","511 Luettgen Estate","New York","New York",10013
290,"WeiKir2@verizon.net","07908 Lona Knoll Apt. 205","New York","New York",10005
291,"RicBra4@verizon.net","2635 Lorin Ridge","New York","New York",10002
292,"LutJes2@aol.com","852 Bethany Mountain","New York","New York",10005
293,"WegNic8@gmail.com","64349 Beahan Pass","New York","New York",10006
294,"ZheVio6@gmail.com","562 Davis Plaza Suite 670","New York","New York",10005
295,"el-Waj8@gmail.com","968 Brent Path Suite 446","New York","New York",10012
296,"BegMya2@verizon.net","941 Adan Mission","New York","New York",10002
297,"el-Ham4@fastmail.net","8059 Kiya Unions Suite 845","New York","New York",10006
298,"DavRic7@verizon.net","6047 Kevon Plains Apt. 145","New York","New York",10006
299,"el-Ase5@fastmail.net","450 Ilma Cliffs Suite 828","New York","New York",10012
300,"el-Saa8@gmail.com","234 Lina Circles Suite 364","New York","New York",10006
301,"BenGif9@fastmail.net","576 Reilly Creek Apt. 831","New York","New York",10006
302,"el-Sha6@gmail.com","18739 Nia Oval","New York","New York",10007
303,"JulChy8@verizon.net","7245 Harrold Courts","New York","New York",10005
304,"ArkEza2@aol.com","192 Mohr Hollow Apt. 647","New York","New York",10013
305,"FieNic8@aol.com","7152 Therman Lake","New York","New York",10002
306,"OrtCin3@aol.com","9320 Oren Divide","New York","New York",10012
307,"SimKyl3@yahoo.com","51056 Myrtice Canyon","New York","New York",10012
308,"KinReb9@gmail.com","960 Jamari Camp Suite 467","New York","New York",10005
309,"JonShe2@gmail.com","032 Phyllis Mills Suite 624","New York","New York",10012
310,"UngChr5@yahoo.com","8386 Trantow Cliffs","New York","New York",10007
311,"LapJul3@gmail.com","15981 Alaya Flat Apt. 261","New York","New York",10006
312,"MooKat6@fastmail.net","796 Feil Key","New York","New York",10005
313,"DelMar9@gmail.com","27560 Considine Ramp Suite 672","New York","New York",10013
314,"BenDev6@yahoo.com","93370 Levin Route","New York","New York",10005
315,"SonTar1@gmail.com","32519 Ola Union","New York","New York",10005
316,"BlaKen5@fastmail.net","943 Lauri Fork Apt. 812","New York","New York",10002
317,"al-Nad7@gmail.com","97608 Abbott Corner Apt. 986","New York","New York",10012
318,"MarMyk8@fastmail.net","0045 Kenan Drive","New York","New York",10006
319,"MulKyl7@yahoo.com","8788 Muller Crest","New York","New York",10013
320,"EvaMal1@fastmail.net","54102 Kohler Cape Apt. 990","New York","New York",10012
321,"HilKen1@verizon.net","936 Oberbrunner Shoal","New York","New York",10013
322,"WanRac7@yahoo.com","614 Rogahn Points","New York","New York",10005
323,"NorEmi2@yahoo.com","437 Carin Parkway","New York","New York",10013
324,"DebNat2@aol.com","693 Leuschke Falls","New York","New York",10002
325,"GraIsa5@fastmail.net","098 Alonso Avenue Apt. 447","New York","New York",10005
326,"ClaEol8@aol.com","744 McGlynn Causeway","New York","New York",10005
327,"NueCha8@verizon.net","43350 Feest Underpass","New York","New York",10007
328,"el-Man7@yahoo.com","705 Mayert Crossing","New York","New York",10002
329,"FayMas7@verizon.net","45172 Bethann Mission","New York","New York",10013
330,"BarMar3@gmail.com","39205 Lakin Knolls Suite 603","New York","New York",10005
331,"MarOsc3@yahoo.com","365 Moore Passage Apt. 587","New York","New York",10005
332,"WilCyd6@verizon.net","414 Evon Road","New York","New York",10002
333,"HinDil8@yahoo.com","17017 Dottie Harbor Suite 876","New York","New York",10005
334,"SauTra2@fastmail.net","25291 Pollich Crossing","New York","New York",10012
335,"el-Zur7@gmail.com","94771 Kristyn Hills","New York","New York",10007
336,"LeeEdg8@fastmail.net","30798 Hope Neck Apt. 796","New York","New York",10012
337,"ScoZac3@fastmail.net","9345 Corwin Road","New York","New York",10005
338,"BatKia1@verizon.net","074 Gustie Point Apt. 841","New York","New York",10006
339,"CaiSou4@gmail.com","17952 Normand Throughway Apt. 226","New York","New York",10002
340,"VauAla2@aol.com","350 Kaaren Mews","New York","New York",10007
341,"KueAle3@fastmail.net","1902 Kirlin Cove","New York","New York",10002
342,"GueBre7@verizon.net","898 Silver Radial","New York","New York",10002
343,"BegKam1@verizon.net","3806 Schroeder Hill","New York","New York",10013
344,"BolAsh7@yahoo.com","0377 Orion Lights Suite 120","New York","New York",10005
345,"VigSam6@fastmail.net","80896 Garret Gateway Apt. 627","New York","New York",10013
346,"el-Ism5@gmail.com","426 Balistreri Street Apt. 251","New York","New York",10006
347,"MocMar8@verizon.net","30581 Welch Tunnel Apt. 054","New York","New York",10002
348,"RodAlm7@fastmail.net","979 Meagan Island","New York","New York",10006
349,"CarBri4@fastmail.net","0462 Libby Camp Suite 618","New York","New York",10012
350,"CalVin5@gmail.com","8391 Thad Ramp Apt. 048","New York","New York",10005
351,"GibKat4@yahoo.com","31416 Griffin Pine","New York","New York",10012
352,"PerD I3@yahoo.com","2554 Launa Park","New York","New York",10005
353,"AguLuc3@verizon.net","482 Frankie Canyon","New York","New York",10006
354,"RamDan8@yahoo.com","9350 Brown Ridge Suite 359","New York","New York",10012
355,"PasJor4@gmail.com","026 Little Lock Suite 193","New York","New York",10013
356,"WylRob1@gmail.com","4436 Hettinger Shores","New York","New York",10006
357,"KueCor3@gmail.com","33666 Emard Rapid Apt. 003","New York","New York",10007
358,"WalDus8@aol.com","047 Schmidt Loaf","New York","New York",10007
359,"el-Shu9@gmail.com","11226 Colvin Dam","New York","New York",10005
360,"AnkTaw5@gmail.com","770 Garnett Walks Suite 781","New York","New York",10007
361,"PorNat9@verizon.net","19304 Zboncak Springs","New York","New York",10002
362,"GibCas1@yahoo.com","486 Eliezer Track Apt. 084","New York","New York",10012
363,"BeaAnt2@gmail.com","154 Dietrich Ranch Apt. 058","New York","New York",10006
364,"HarKap4@verizon.net","86540 Borer Burg Suite 755","New York","New York",10013
365,"el-Zai7@aol.com","364 Konopelski Pines","New York","New York",10002
366,"RobKaw1@aol.com","31132 Amon Ports","New York","New York",10007
367,"MorSie7@aol.com","37905 Jerde Parkway","New York","New York",10002
368,"MarJac4@gmail.com","69108 Hayes Streets Apt. 481","New York","New York",10002
369,"RuiAna1@fastmail.net","7735 Chris Land","New York","New York",10002
370,"EddLee2@fastmail.net","8480 Carter Garden","New York","New York",10013
371,"CorMad2@gmail.com","516 Elyse Drives","New York","New York",10012
372,"MooCal5@aol.com","830 Crist Rest Apt. 924","New York","New York",10013
373,"HilAnd8@gmail.com","03366 Derick Mall Apt. 739","New York","New York",10002
374,"AthViv9@fastmail.net","5008 Gusikowski Views","New York","New York",10006
375,"RosNei6@verizon.net","79979 Rowe Branch Suite 084","New York","New York",10005
376,"JohYso5@aol.com","0083 Krajcik Junction","New York","New York",10007
377,"RanDes2@gmail.com","752 Stokes Squares","New York","New York",10005
378,"MesGab4@aol.com","9577 Mante Parkway Apt. 448","New York","New York",10002
379,"MayJor1@yahoo.com","2738 Jones Cape","New York","New York",10006
380,"CarKas6@gmail.com","8179 Joy Skyway","New York","New York",10005
381,"HerJor8@aol.com","4797 Labadie Knolls Suite 431","New York","New York",10005
382,"HerRac2@gmail.com","349 Rogahn Common Suite 035","New York","New York",10012
383,"VerChr6@gmail.com","334 Andrew Common","New York","New York",10002
384,"el-Nak9@aol.com","6275 Ama Street","New York","New York",10007
385,"PanJas5@yahoo.com","02407 Eller Lakes","New York","New York",10012
386,"IroJon9@gmail.com","69428 Dillie Divide","New York","New York",10002
387,"CunDyl4@gmail.com","91938 Hartmann Divide Apt. 088","New York","New York",10002
388,"JohTra7@gmail.com","7383 Quitzon Passage Suite 319","New York","New York",10007
389,"ShrRya6@aol.com","8849 Fisher Park","New York","New York",10013
390,"MilDil3@aol.com","20031 Rice Spring","New York","New York",10005
391,"al-Faa2@yahoo.com","99617 Fahey Throughway Apt. 057","New York","New York",10006
392,"al-Sah5@aol.com","413 West Ville","New York","New York",10005
393,"DemEnk5@aol.com","66022 Koss Hollow Apt. 288","New York","New York",10005
394,"SchEil3@gmail.com","427 Jade Hollow","New York","New York",10005
395,"HowJer7@verizon.net","6516 Skip Highway Apt. 710","New York","New York",10013
396,"JarShe5@gmail.com","08486 Marolyn Well","New York","New York",10007
397,"LeeRya4@gmail.com","55320 Nolan Isle Suite 247","New York","New York",10012
398,"JohDe'7@yahoo.com","36726 Dorthy Manor","New York","New York",10007
399,"HanTaj7@verizon.net","089 Johnston Alley","New York","New York",10007
400,"al-Muj4@aol.com","27429 Schinner Trace Suite 437","New York","New York",10006
401,"WeaLuc9@yahoo.com","79904 Emmet Circle Suite 899","New York","New York",10006
402,"el-Naa8@gmail.com","578 Goebel Groves","New York","New York",10002
403,"IoGle4@yahoo.com","41776 Octavius Pine","New York","New York",10013
404,"el-Sha2@gmail.com","4064 Timothy Springs","New York","New York",10005
405,"DamBri4@gmail.com","89641 Cassin Rue","New York","New York",10002
406,"al-Ham4@fastmail.net","16253 Fadel Park","New York","New York",10005
407,"HorVan9@gmail.com","99583 Lyndsey Courts","New York","New York",10006
408,"LonCal6@verizon.net","2559 Kaiden Mountains","New York","New York",10002
409,"al-Kha6@fastmail.net","4373 Shakira Hills Apt. 266","New York","New York",10005
410,"al-Ham8@gmail.com","446 Gislason Centers Suite 170","New York","New York",10006
411,"BarMar1@aol.com","862 Spinka Shores Apt. 666","New York","New York",10006
412,"StoTan1@gmail.com","454 Bailey Ways","New York","New York",10006
413,"BroMon6@gmail.com","172 Cap Ramp Suite 711","New York","New York",10012
414,"al-Sal3@verizon.net","0182 O'Keefe Street","New York","New York",10006
415,"MasWil9@yahoo.com","371 Coty Highway","New York","New York",10005
416,"HonMar2@aol.com","149 Runolfsson Villages","New York","New York",10002
417,"LedNan7@yahoo.com","5693 Blick Mill Suite 480","New York","New York",10006
418,"RogAle1@gmail.com","6946 Tromp Port","New York","New York",10007
419,"BraAsm1@fastmail.net","033 Toby Canyon","New York","New York",10007
420,"WeaNya5@gmail.com","76489 Francies Mission","New York","New York",10007
421,"el-Jas9@yahoo.com","1318 Hildur Street Apt. 991","New York","New York",10002
422,"ConJes3@verizon.net","715 Schamberger Ridge Apt. 739","New York","New York",10006
423,"BurPal4@gmail.com","681 Nienow Cove Suite 983","New York","New York",10007
424,"HorYol4@gmail.com","85721 Abbott Path Apt. 061","New York","New York",10013
425,"EriRio6@aol.com","65913 Keenen Crossroad","New York","New York",10013
426,"BjoTay7@aol.com","876 Lehner Walks","New York","New York",10012
427,"DunSte1@aol.com","40767 Alijah Drive","New York","New York",10007
428,"ThaOdi6@yahoo.com","0928 Hessel Forest","New York","New York",10002
429,"WalAsh9@yahoo.com","63751 Goyette Pines","New York","New York",10007
430,"al-Ham8@gmail.com","42447 Halvorson Lake Apt. 336","New York","New York",10002
431,"TruGin6@gmail.com","042 Hills Route","New York","New York",10006
432,"GolAnd8@aol.com","884 Niko Grove Apt. 230","New York","New York",10007
433,"DumAle6@gmail.com","82326 Larue Lane Apt. 889","New York","New York",10002
434,"VazLui6@gmail.com","316 Atticus Viaduct Suite 630","New York","New York",10007
435,"SaeEli8@gmail.com","55580 Deckow Cape Apt. 294","New York","New York",10007
436,"el-Sha9@gmail.com","6688 Maye Way Apt. 501","New York","New York",10006
437,"CasEli8@aol.com","37221 Emard Village","New York","New York",10006
438,"ThoCal6@gmail.com","355 Zboncak Crossroad","New York","New York",10006
439,"BarAth2@verizon.net","995 Quitzon Walks Apt. 950","New York","New York",10013
440,"DurAle9@verizon.net","892 Witting Lakes","New York","New York",10013
441,"FerArt9@fastmail.net","2218 Johnson Courts","New York","New York",10007
442,"WilYat7@gmail.com","54766 Littel Branch","New York","New York",10002
443,"BurMin9@verizon.net","37068 Kautzer Cliff Apt. 641","New York","New York",10002
444,"RosAim6@yahoo.com","2095 Dillan Via","New York","New York",10012
445,"TamMer5@gmail.com","123 Hickle Extension Apt. 461","New York","New York",10006
446,"BarAly3@gmail.com","05445 Chase Garden Suite 100","New York","New York",10013
447,"WimMac6@gmail.com","686 Collier Pike Apt. 662","New York","New York",10012
448,"OrtMig3@verizon.net","159 Feest Trace Suite 254","New York","New York",10006
449,"KimTri6@yahoo.com","6331 Cole Neck","New York","New York",10007
450,"el-Bad7@gmail.com","188 Winifred Viaduct Apt. 416","New York","New York",10005
451,"al-Zak8@yahoo.com","535 Britton Via Suite 585","New York","New York",10002
452,"VarOsv9@fastmail.net","051 Herzog Mills Suite 502","New York","New York",10013
453,"MirSha2@yahoo.com","230 Block Shoals","New York","New York",10012
454,"LeeGra1@gmail.com","145 Tishie Passage Suite 328","New York","New York",10007
455,"HerHan4@fastmail.net","47987 Walter Court Apt. 710","New York","New York",10002
456,"BueKar8@fastmail.net","886 Howell Ways Suite 069","New York","New York",10007
457,"KleAnd9@fastmail.net","4674 Herzog Row","New York","New York",10002
458,"el-Ash8@aol.com","131 Buckridge Dam Suite 831","New York","New York",10013
459,"AllPai2@verizon.net","5098 Kris Summit","New York","New York",10002
460,"JohMeg6@yahoo.com","80650 Hauck Circles Suite 348","New York","New York",10002
461,"JohMel4@verizon.net","568 Selene Corners","New York","New York",10007
462,"HoMat5@aol.com","56569 Tevin Oval Suite 514","New York","New York",10006
463,"MedTar8@gmail.com","10186 Lisette Manor Apt. 447","New York","New York",10002
464,"JarMar5@verizon.net","134 Percy Coves","New York","New York",10007
465,"SamDam6@gmail.com","898 Kassulke Meadow Apt. 807","New York","New York",10006
466,"el-Sad6@yahoo.com","6654 Schroeder Center Apt. 957","New York","New York",10005
467,"HolAsh6@yahoo.com","309 Paris Junction Suite 857","New York","New York",10013
468,"BauAnd7@gmail.com","267 Lorene Ferry Suite 618","New York","New York",10013
469,"al-Mun7@yahoo.com","283 Hughie Vista","New York","New York",10013
470,"el-Mai5@gmail.com","377 Burgess Passage Suite 110","New York","New York",10002
471,"al-Maa3@yahoo.com","221 Morissette Mission","New York","New York",10005
472,"al-Taa7@gmail.com","80426 Legros Parkways Suite 923","New York","New York",10012
473,"RicJul6@yahoo.com","67036 Ferman Center Apt. 850","New York","New York",10012
474,"WebKae5@yahoo.com","2358 Hilario Flats Suite 144","New York","New York",10006
475,"BecSam3@verizon.net","21244 Besse Lock Suite 439","New York","New York",10012
476,"el-Shu5@yahoo.com","0131 Jonathon Lane Apt. 616","New York","New York",10013
477,"GalFer3@aol.com","2223 Amin Rest","New York","New York",10002
478,"al-Aay6@yahoo.com","7635 Graham Track Apt. 904","New York","New York",10002
479,"SanRac4@gmail.com","780 Schinner Views Suite 312","New York","New York",10007
480,"HesMik1@aol.com","802 Hoeger Shoal Apt. 146","New York","New York",10012
481,"ChuCod5@fastmail.net","104 Marissa Motorway Apt. 543","New York","New York",10006
482,"MilJas5@verizon.net","6079 Thompson Spurs","New York","New York",10007
483,"HazAud1@aol.com","0368 Florencio Forges Apt. 721","New York","New York",10005
484,"al-Ham7@gmail.com","011 Ebert Passage","New York","New York",10005
485,"GamEva1@gmail.com","1430 Simonis Via","New York","New York",10013
486,"LeiQue6@gmail.com","7725 Nienow Walk","New York","New York",10007
487,"YarMar9@gmail.com","165 Emmerich Pass","New York","New York",10005
488,"SmiRaq8@yahoo.com","81638 Morissette Shores","New York","New York",10012
489,"BowCal4@gmail.com","7413 Sabastian Club Suite 553","New York","New York",10012
490,"CabRob1@aol.com","874 Epsie Land Suite 683","New York","New York",10006
491,"SimJer9@gmail.com","8403 Diann Brook Suite 902","New York","New York",10002
492,"BroChr6@aol.com","10551 Latrina Oval","New York","New York",10005
493,"HerKin9@aol.com","1743 Wyman Forks","New York","New York",10007
494,"HerJus9@yahoo.com","020 Braun Valleys Apt. 233","New York","New York",10006
495,"ChaPhu1@gmail.com","510 Ardith Key Suite 586","New York","New York",10012
496,"HanNhi4@gmail.com","2020 Vandervort Roads","New York","New York",10012
497,"HomRan3@aol.com","8842 Swaniawski Glens","New York","New York",10013
498,"IntWoo7@yahoo.com","110 Otho Unions Suite 790","New York","New York",10007
499,"SchBho5@verizon.net","756 Jacobs Shore","New York","New York",10006
500,"HarMil1@verizon.net","508 O'Connell Valley Apt. 527","New York","New York",10007
501,"BulLau8@yahoo.com","95185 Towne Ville Apt. 880","New York","New York",10002
502,"PheMal4@yahoo.com","904 Padberg Run Suite 408","New York","New York",10007
503,"WilBri1@gmail.com","2442 Howell Grove Suite 216","New York","New York",10013
504,"JahMat7@gmail.com","72974 Towne Heights Suite 950","New York","New York",10005
505,"BalBen6@verizon.net","026 Stiedemann Pike Apt. 697","New York","New York",10005
506,"ShaDeo1@aol.com","211 Lynch Mission","New York","New York",10013
507,"HamZac5@aol.com","4190 Muller Light","New York","New York",10006
508,"CouDak9@fastmail.net","4626 Renner Common","New York","New York",10005
509,"GouJak2@gmail.com","879 Lon Parkways Apt. 916","New York","New York",10002
510,"IsaTan9@aol.com","55913 Wehner Run","New York","New York",10005
511,"MccKat7@yahoo.com","52220 Leanne Lock Suite 797","New York","New York",10006
512,"PriRob1@fastmail.net","206 Georgie Branch Suite 308","New York","New York",10013
513,"DeyChr9@fastmail.net","357 Shawna Spur Suite 229","New York","New York",10006
514,"el-Ras7@verizon.net","305 Beatty View Apt. 919","New York","New York",10013
515,"TruNoa2@fastmail.net","65955 Anjali Crest","New York","New York",10007
516,"LeaIsa2@aol.com","1532 Kanisha Mills Apt. 034","New York","New York",10006
517,"SosPhi6@fastmail.net","41344 Green Flat","New York","New York",10005
518,"VitCar5@yahoo.com","1065 Moen Canyon Suite 025","New York","New York",10007
519,"ParDar9@verizon.net","764 Letitia Hills","New York","New York",10002
520,"el-Uma2@yahoo.com","97803 Vera Highway","New York","New York",10007
521,"al-Arh3@yahoo.com","71247 Connelly Estate","New York","New York",10006
522,"CohPet3@yahoo.com","44135 Heidenreich Terrace Apt. 008","New York","New York",10007
523,"KirVan2@aol.com","3955 Gabriela Ville Suite 569","New York","New York",10012
524,"el-Jum3@yahoo.com","80996 Boehm Estates Apt. 386","New York","New York",10012
525,"al-Uly9@fastmail.net","8146 Merle Rue","New York","New York",10007
526,"OrtLor9@aol.com","5647 Andres Plains","New York","New York",10013
527,"BroJam8@aol.com","40964 Kris Grove","New York","New York",10007
528,"BryVic6@gmail.com","2119 Conn Flat Apt. 035","New York","New York",10012
529,"PenSar4@gmail.com","42442 Rogahn Court","New York","New York",10006
530,"ChuJiy8@gmail.com","869 Hauck Lodge Suite 015","New York","New York",10005
531,"BenTer3@aol.com","0545 Lisha Lakes","New York","New York",10012
532,"YacJos4@gmail.com","6308 Lindgren Flat Apt. 759","New York","New York",10012
533,"JorAsi4@verizon.net","1607 Rolanda Bridge","New York","New York",10005
534,"PanChr8@gmail.com","3189 Corwin Ridges","New York","New York",10013
535,"QuiOzi9@aol.com","74052 Schiller Vista Suite 545","New York","New York",10005
536,"GroSop1@gmail.com","956 Alonzo Highway Apt. 031","New York","New York",10005
537,"el-Sak6@aol.com","205 Kunde Coves","New York","New York",10007
538,"ParChr9@verizon.net","8537 Streich Mount Suite 181","New York","New York",10006
539,"TysAja9@gmail.com","473 Adams View","New York","New York",10005
540,"KasAma3@yahoo.com","6931 Gutmann Burg Apt. 949","New York","New York",10002
541,"BreMir6@fastmail.net","36589 Kathleen Overpass Apt. 927","New York","New York",10005
542,"al-Rus1@yahoo.com","6006 Kunze Viaduct","New York","New York",10005
543,"GalMar5@yahoo.com","92978 Sinda Underpass","New York","New York",10002
544,"al-Shi2@yahoo.com","87676 Langosh Park","New York","New York",10006
545,"BisSil3@aol.com","19884 Jakubowski Via","New York","New York",10005
546,"al-Jaf4@yahoo.com","6486 Margarette Light Suite 865","New York","New York",10005
547,"RivKyl5@gmail.com","488 Hyatt Estates Suite 918","New York","New York",10007
548,"MonAly2@verizon.net","59132 Kelton Throughway","New York","New York",10007
549,"PotLuk2@verizon.net","4585 Cartwright Walk Suite 364","New York","New York",10007
550,"MakSar7@aol.com","25815 Beatriz Mission Apt. 697","New York","New York",10002
551,"LawBra7@verizon.net","1744 Jakubowski Well","New York","New York",10007
552,"el-Qaa3@verizon.net","5144 Rodriguez Shores Suite 157","New York","New York",10006
553,"PosJac2@yahoo.com","4620 Marcel Well","New York","New York",10007
554,"al-Ily1@gmail.com","88298 Funk Unions","New York","New York",10005
555,"CasDia8@aol.com","3221 Stark Falls Suite 111","New York","New York",10006
556,"al-Una9@gmail.com","721 Campbell Fields Suite 227","New York","New York",10005
557,"WuRus9@aol.com","3620 Haley Field Apt. 239","New York","New York",10007
558,"el-Sha1@fastmail.net","7633 Quigley Crescent","New York","New York",10012
559,"GeaKea9@verizon.net","7001 Reynaldo Mount","New York","New York",10007
560,"HicBre6@gmail.com","77062 Kutch Pine","New York","New York",10012
561,"MoyRan1@aol.com","555 Nils Burg","New York","New York",10012
562,"JonHam2@gmail.com","974 Arturo Lights","New York","New York",10013
563,"SotJon2@gmail.com","176 Burk Isle","New York","New York",10007
564,"GruTay2@fastmail.net","15719 Konopelski Viaduct","New York","New York",10013
565,"McdDom9@fastmail.net","24524 Elmira Stravenue Apt. 655","New York","New York",10012
566,"NorKel6@gmail.com","9765 Janeen Village Apt. 744","New York","New York",10005
567,"HasBer6@gmail.com","808 Wisoky Green Suite 244","New York","New York",10006
568,"MalSte9@gmail.com","1685 Mann Knoll Suite 269","New York","New York",10002
569,"HoaYuz6@gmail.com","34276 Reynolds Well Apt. 888","New York","New York",10007
570,"LanBru6@gmail.com","501 Connelly Course","New York","New York",10002
571,"al-Sha6@verizon.net","2436 Bauch Junction","New York","New York",10006
572,"CanTye6@aol.com","4424 Daniel Oval","New York","New York",10006
573,"RomMor7@yahoo.com","355 Collier Rapids Apt. 498","New York","New York",10012
574,"CraMax7@yahoo.com","59257 Johnston Skyway","New York","New York",10012
575,"CutCol5@yahoo.com","3888 Farah Road Apt. 191","New York","New York",10007
576,"AyaBra4@verizon.net","53518 Wilma Branch","New York","New York",10013
577,"HerSun1@fastmail.net","81244 Weimann Mount","New York","New York",10006
578,"el-Ame5@aol.com","6699 Lue Path","New York","New York",10013
579,"SimChe9@gmail.com","922 Alena Radial Apt. 759","New York","New York",10006
580,"MiyAnn2@fastmail.net","315 Purdy Burgs Suite 629","New York","New York",10007
581,"WasRea5@verizon.net","650 Harber Ville","New York","New York",10007
582,"BenEri3@gmail.com","2205 Zigmund Corners Apt. 183","New York","New York",10005
583,"PluKat7@gmail.com","8587 Crete Crescent","New York","New York",10005
584,"GarTan2@yahoo.com","7533 Monahan Valley","New York","New York",10007
585,"RetMat7@fastmail.net","759 Jacobs Expressway","New York","New York",10006
586,"NavIri5@gmail.com","569 Anais Lakes Apt. 805","New York","New York",10006
587,"RieTyl7@yahoo.com","97003 Ortiz Ramp Apt. 376","New York","New York",10007
588,"TraJer3@verizon.net","657 Kala Junctions","New York","New York",10007
589,"SmiPre1@fastmail.net","0647 Treasure Grove Suite 194","New York","New York",10006
590,"BraDan7@yahoo.com","1806 Collier Stream Suite 200","New York","New York",10005
591,"el-Tha1@fastmail.net","5980 Greenholt Overpass Apt. 491","New York","New York",10002
592,"VidMar6@yahoo.com","5559 Little Ports Suite 643","New York","New York",10006
593,"ForHan7@gmail.com","6272 Carmel Way Apt. 659","New York","New York",10007
594,"VelGen5@yahoo.com","15630 Kuphal Roads","New York","New York",10013
595,"JorMar4@aol.com","34068 Yasmine Inlet Suite 222","New York","New York",10006
596,"LylSha3@fastmail.net","1655 Joey Cove Apt. 328","New York","New York",10006
597,"ZhuRya6@aol.com","728 Hammes Knolls","New York","New York",10002
598,"MeyGra2@aol.com","435 Gerold Ford","New York","New York",10013
599,"al-Saa4@gmail.com","9570 Jeraldine Court Suite 650","New York","New York",10013
600,"SchMic5@gmail.com","878 Rau Harbor","New York","New York",10013
601,"ElsAiy9@verizon.net","92711 Rohan Road Suite 857","New York","New York",10006
602,"TsiNat8@aol.com","726 Jast Port","New York","New York",10007
603,"el-Haa5@yahoo.com","46405 Thompson Groves Suite 094","New York","New York",10007
604,"AmmBry9@verizon.net","8326 Merrill Court Suite 617","New York","New York",10005
605,"el-Abd4@verizon.net","26391 Stroman Ford","New York","New York",10002
606,"TatDav7@gmail.com","2383 Gleichner Parkways","New York","New York",10005
607,"GonLau3@fastmail.net","50245 Schiller Curve","New York","New York",10012
608,"LonTai9@yahoo.com","362 Jaheim Manor","New York","New York",10002
609,"AdaLa-7@gmail.com","681 Nienow Harbor Suite 336","New York","New York",10012
610,"HerKar6@gmail.com","46470 Stark Avenue","New York","New York",10006
611,"SuiSet5@gmail.com","1453 Strosin Groves Apt. 908","New York","New York",10005
612,"FolKen4@aol.com","7281 Auer Harbor","New York","New York",10006
613,"WarKim4@gmail.com","0831 Kuhlman Manor Suite 849","New York","New York",10005
614,"al-Mah4@yahoo.com","0715 Mary Brooks Apt. 908","New York","New York",10013
615,"McnIva3@verizon.net","19171 O'Hara Light Apt. 213","New York","New York",10012
616,"TucRus4@yahoo.com","8081 Ryan Vista","New York","New York",10012
617,"el-Mub2@verizon.net","49870 Emilie Junction Apt. 359","New York","New York",10007
618,"AnLio4@gmail.com","32407 Wilkinson Track Suite 401","New York","New York",10005
619,"al-Naa6@verizon.net","6564 Kiarra Expressway","New York","New York",10007
620,"HodTay4@aol.com","958 Deborrah Walks Apt. 221","New York","New York",10012
621,"el-Zaa9@verizon.net","81611 Nery Corners Suite 374","New York","New York",10012
622,"SanJes7@aol.com","3629 Herman Land","New York","New York",10007
623,"CooLau2@gmail.com","9960 Toma Pines Apt. 428","New York","New York",10007
624,"MonSan9@gmail.com","77610 Keeling Causeway","New York","New York",10006
625,"FerLea5@gmail.com","337 Dominic Track","New York","New York",10012
626,"SteCer4@fastmail.net","3153 Cartwright Hills","New York","New York",10007
627,"GutAyl1@gmail.com","97066 Stracke Mountains Apt. 689","New York","New York",10013
628,"TruBre4@yahoo.com","984 Herman Key Suite 959","New York","New York",10007
629,"HanTif8@yahoo.com","46420 Media Prairie","New York","New York",10012
630,"AguJos8@verizon.net","3539 Bush Light Apt. 402","New York","New York",10013
631,"SenIsa6@gmail.com","44319 Adrienne Brook","New York","New York",10013
632,"JanNic2@gmail.com","73797 Refugio Fields","New York","New York",10012
633,"TowSet2@gmail.com","439 Rutherford Loaf","New York","New York",10002
634,"ParTro1@gmail.com","29798 Baumbach Corners Apt. 869","New York","New York",10007
635,"AdaKay9@gmail.com","673 Cameron Flat","New York","New York",10002
636,"SteChr5@yahoo.com","34691 Trace Forge","New York","New York",10013
637,"LopAng9@verizon.net","465 Ashley Common Suite 534","New York","New York",10006
638,"TigNal6@aol.com","001 Wilburn Fords Apt. 935","New York","New York",10007
639,"RocJos5@gmail.com","948 Schroeder Well Apt. 684","New York","New York",10005
640,"el-Naa7@yahoo.com","037 Johns Avenue Apt. 754","New York","New York",10007
641,"HeaJoh5@verizon.net","588 Pfeffer Inlet","New York","New York",10012
642,"al-Hai4@gmail.com","6938 Metz Streets Apt. 486","New York","New York",10002
643,"MaeAle8@gmail.com","1428 Hazel Brooks Suite 584","New York","New York",10007
644,"al-Nad2@gmail.com","99550 Louise Fords","New York","New York",10013
645,"WatAle3@yahoo.com","378 Alecia Haven Apt. 381","New York","New York",10005
646,"BorWar5@gmail.com","8723 Grant Mount","New York","New York",10012
647,"AraJay9@aol.com","02667 Dedra Neck Apt. 041","New York","New York",10002
648,"al-Sha5@fastmail.net","6153 Gerlach Wells","New York","New York",10005
649,"LunJos5@gmail.com","744 Keeling Courts Apt. 875","New York","New York",10012
650,"LinDon2@verizon.net","9885 Chyna Dam Apt. 021","New York","New York",10012
651,"KleCai8@gmail.com","6773 Abshire Port Suite 017","New York","New York",10007
652,"RosJon9@gmail.com","162 Reinger Vista","New York","New York",10013
653,"LucAng9@gmail.com","68702 Turner Lane","New York","New York",10007
654,"al-Fik4@gmail.com","77273 Prohaska Fields Suite 423","New York","New York",10007
655,"HinSam7@yahoo.com","52289 Vandervort Mountain","New York","New York",10006
656,"ThaJoh7@aol.com","257 Maeve Meadows Suite 403","New York","New York",10007
657,"GamJas5@gmail.com","86076 Doyle Flat Apt. 612","New York","New York",10005
658,"BraDan2@gmail.com","445 Bosco Expressway Suite 980","New York","New York",10013
659,"TroPat7@aol.com","47089 Ara Trace","New York","New York",10002
660,"OroMya7@fastmail.net","40000 Terry Orchard","New York","New York",10007
661,"MelJos9@gmail.com","240 Senger Hill","New York","New York",10013
662,"GraRic7@aol.com","4342 Raynor Knolls","New York","New York",10013
663,"DavIza7@gmail.com","96220 Norwood Lights Suite 688","New York","New York",10005
664,"YorDon9@fastmail.net","52687 Blanda Stravenue","New York","New York",10013
665,"GiaJes5@fastmail.net","18197 Hane Keys Apt. 297","New York","New York",10007
666,"al-Saa2@yahoo.com","33493 Hand Row Apt. 262","New York","New York",10005
667,"TovGar8@verizon.net","6225 Ratke Haven Suite 948","New York","New York",10013
668,"SayDom2@fastmail.net","66161 Cathie Trafficway","New York","New York",10007
669,"AviChr1@aol.com","58352 Bailey Mall Suite 650","New York","New York",10005
670,"AfaTas6@aol.com","93330 Miller Village","New York","New York",10006
671,"SuuJos8@verizon.net","91116 Wolff Common Apt. 635","New York","New York",10006
672,"RodKar4@aol.com","9972 Cody Landing","New York","New York",10002
673,"ScoJan7@gmail.com","2210 Kathyrn Union","New York","New York",10002
674,"el-Adh8@verizon.net","058 Thompson Union Apt. 785","New York","New York",10012
675,"KreDuy1@gmail.com","152 Stephani Crescent","New York","New York",10013
676,"EspAnd5@verizon.net","147 Monroe Overpass Apt. 907","New York","New York",10007
677,"BurCal8@verizon.net","76239 Langworth Brook","New York","New York",10002
678,"LeoAll2@fastmail.net","06434 Benjamine Flats Apt. 157","New York","New York",10013
679,"McgAsi3@gmail.com","67681 Anneliese Branch","New York","New York",10005
680,"LeeLai6@gmail.com","6795 Dorathy Stravenue Suite 509","New York","New York",10007
681,"FirMic4@fastmail.net","4964 Rogahn Lane","New York","New York",10002
682,"HoaJun9@yahoo.com","049 Lyle Ridge","New York","New York",10012
683,"RegDea3@aol.com","609 Pfeffer Greens","New York","New York",10006
684,"TorRhi6@yahoo.com","54685 Brennon Extensions Apt. 686","New York","New York",10002
685,"LeiSal6@gmail.com","15435 Kreiger Mews","New York","New York",10007
686,"FenAmi3@gmail.com","81788 Earnest River","New York","New York",10002
687,"MccAle6@aol.com","9049 Kemmer Oval","New York","New York",10005
688,"TraWil9@aol.com","502 Wiza Motorway Suite 028","New York","New York",10002
689,"PenFre6@gmail.com","34745 Daugherty Crossing","New York","New York",10013
690,"el-Abb9@aol.com","281 Dach Freeway Apt. 403","New York","New York",10005
691,"BlaJor7@gmail.com","2810 Elwin Park","New York","New York",10002
692,"SanDes4@fastmail.net","5435 King Trace","New York","New York",10012
693,"CarYes6@gmail.com","88425 Parker Rapid","New York","New York",10012
694,"FaiMic3@gmail.com","66946 Yamilex Forges Apt. 346","New York","New York",10006
695,"LitSie4@gmail.com","7450 Berton Cliff Suite 163","New York","New York",10013
696,"al-Ikr1@yahoo.com","220 Ziemann Crossing Apt. 466","New York","New York",10006
697,"SaiSri8@gmail.com","36473 Osinski Vista","New York","New York",10002
698,"BerJen6@gmail.com","1288 Hyatt Fords Suite 076","New York","New York",10013
699,"al-Naw3@fastmail.net","80822 Bergnaum Field Apt. 101","New York","New York",10007
700,"SotBry5@aol.com","21639 Murray Curve Apt. 165","New York","New York",10005
701,"LorAus9@fastmail.net","775 Ronna Fork Apt. 749","New York","New York",10006
702,"BluAle6@verizon.net","0157 Ilah Shore Suite 054","New York","New York",10002
703,"KhaEst5@gmail.com","86054 Quincy Loop Apt. 614","New York","New York",10012
704,"GurHol7@fastmail.net","77054 Bartell Flats","New York","New York",10012
705,"RemTru8@aol.com","279 Salvatore Valley","New York","New York",10005
706,"HerAnd8@yahoo.com","41086 Abdiel Forest Suite 253","New York","New York",10005
707,"RogWil6@fastmail.net","474 Rath Mills","New York","New York",10002
708,"BusJac4@fastmail.net","2768 Ayla Overpass","New York","New York",10005
709,"IbaMar3@gmail.com","203 Wiza Knoll Apt. 341","New York","New York",10012
710,"WinChr2@yahoo.com","8374 Simonis Burgs Apt. 687","New York","New York",10006
711,"EwiMic8@gmail.com","854 Harris Springs Apt. 851","New York","New York",10002
712,"RomAlo5@yahoo.com","5540 Rohan Mountain Apt. 720","New York","New York",10013
713,"GueMy6@yahoo.com","4490 Quintin Roads Suite 689","New York","New York",10005
714,"RucQui6@gmail.com","36968 Nolan Viaduct","New York","New York",10013
715,"al-Rus5@gmail.com","866 Merwin Keys Suite 638","New York","New York",10006
716,"SevGri3@gmail.com","15072 Latifah Mount Apt. 991","New York","New York",10005
717,"EvaIli5@yahoo.com","256 Bradtke Meadow Apt. 607","New York","New York",10007
718,"DuyTea3@gmail.com","0089 Hayes Glen","New York","New York",10007
719,"CarAnd3@fastmail.net","5287 Crysta Square","New York","New York",10007
720,"DowBri4@aol.com","939 Buckridge Hill","New York","New York",10013
721,"JohQue7@aol.com","7103 Unknown Loaf","New York","New York",10012
722,"KinNic2@gmail.com","7919 Beier Underpass Apt. 818","New York","New York",10007
723,"LeSte1@fastmail.net","605 Metz Knolls","New York","New York",10012
724,"DiaCin8@fastmail.net","1417 Hills Lights","New York","New York",10002
725,"DraSap1@aol.com","0897 Mikhail Ville","New York","New York",10002
726,"HeaZak8@verizon.net","2206 Bergnaum Lights Apt. 317","New York","New York",10012
727,"AshKen8@fastmail.net","84091 Marcel Points","New York","New York",10005
728,"VorAle1@fastmail.net","3867 Schinner Plains","New York","New York",10005
729,"LanIan3@verizon.net","2561 Jones Lodge Suite 541","New York","New York",10012
730,"al-Was3@fastmail.net","314 Bashirian Rapid","New York","New York",10007
731,"GarDan6@gmail.com","4072 Murphy Lake Apt. 859","New York","New York",10006
732,"AliHuy7@yahoo.com","455 Kem Fords","New York","New York",10013
733,"MarSte9@yahoo.com","43527 Anais Pike Suite 659","New York","New York",10006
734,"BuiKim3@fastmail.net","486 Macel Loop","New York","New York",10013
735,"BatDio7@yahoo.com","72313 Ardelia Track Suite 732","New York","New York",10006
736,"SwaBry9@fastmail.net","05071 Coby River","New York","New York",10007
737,"CriAda6@fastmail.net","94810 Barrows Field Apt. 316","New York","New York",10002
738,"WilMay1@aol.com","073 Jamir Drives Suite 674","New York","New York",10013
739,"el-Abd9@gmail.com","960 Frankie Way","New York","New York",10013
740,"HerAra4@fastmail.net","0187 Ova Junction","New York","New York",10007
741,"LeaJos3@fastmail.net","001 Lori Terrace Apt. 503","New York","New York",10012
742,"DavBre4@verizon.net","4749 Nitzsche Canyon Apt. 216","New York","New York",10006
743,"LeyMan5@fastmail.net","51740 Cremin Mews","New York","New York",10013
744,"el-Has9@fastmail.net","1239 Conn Flats Apt. 755","New York","New York",10005
745,"VarDia5@yahoo.com","3350 Ola Flat Suite 096","New York","New York",10006
746,"StaEmm3@fastmail.net","08838 Colon Fords Apt. 868","New York","New York",10007
747,"LanDus4@aol.com","1592 Karma Plains Suite 578","New York","New York",10006
748,"WeaAny5@aol.com","81441 Missouri Expressway Apt. 788","New York","New York",10006
749,"RasRac5@fastmail.net","2494 Crona Rapid Apt. 663","New York","New York",10005
750,"RooKat2@gmail.com","275 O'Conner Fort","New York","New York",10013
751,"el-Sha2@verizon.net","127 Kaitlynn Points","New York","New York",10005
752,"YerFor3@yahoo.com","294 Reinger Fords Apt. 718","New York","New York",10002
753,"MarJas5@yahoo.com","641 Eathel Freeway","New York","New York",10007
754,"el-Wad1@verizon.net","26432 Arianna Camp","New York","New York",10012
755,"KhaJus9@fastmail.net","71996 Barton Oval Apt. 624","New York","New York",10007
756,"RafSu7@aol.com","5050 Miranda Manor","New York","New York",10013
757,"DaoJos5@gmail.com","709 Kyle Freeway Suite 595","New York","New York",10007
758,"WarIda7@verizon.net","2915 Buckridge Pass","New York","New York",10002
759,"TwoRob9@yahoo.com","256 Lavon Terrace","New York","New York",10012
760,"AviMig1@aol.com","8044 Elwyn Ford Suite 090","New York","New York",10012
761,"ThoEli3@fastmail.net","31278 Roxana Hollow","New York","New York",10006
762,"WilRae4@gmail.com","22273 Bennett Rapid","New York","New York",10013
763,"HeuJes9@gmail.com","67690 Naoma Gateway Suite 298","New York","New York",10002
764,"FloMay6@fastmail.net","23774 Metz Garden Suite 936","New York","New York",10002
765,"BegGab2@gmail.com","6640 Champlin Point Apt. 153","New York","New York",10006
766,"KnuSyd5@yahoo.com","189 Muhammad Gardens Apt. 551","New York","New York",10006
767,"el-Tha6@fastmail.net","25626 Cierra Dale","New York","New York",10012
768,"CanIsa4@yahoo.com","3080 Kimber Crossing","New York","New York",10007
769,"MccTre4@gmail.com","1990 Kris Parkways Apt. 989","New York","New York",10013
770,"ColKri1@fastmail.net","8924 Nathalie Springs","New York","New York",10002
771,"CorMen8@verizon.net","58495 Langworth Flat Apt. 551","New York","New York",10006
772,"al-Far2@gmail.com","50621 Halvorson Unions Apt. 523","New York","New York",10012
773,"EwtJos3@gmail.com","08346 Considine Isle Apt. 053","New York","New York",10012
774,"GooTyl1@yahoo.com","499 Keaton Tunnel","New York","New York",10002
775,"DoeNee6@gmail.com","70108 Kenyon Light","New York","New York",10002
776,"CooJol1@gmail.com","53900 Eller Bypass Apt. 080","New York","New York",10002
777,"el-Aat6@verizon.net","60504 Aryana Extension","New York","New York",10002
778,"TruKyl1@yahoo.com","52671 Yost Avenue Suite 906","New York","New York",10005
779,"RuiLui8@gmail.com","233 Streich Trail Apt. 808","New York","New York",10006
780,"HunKri7@aol.com","78848 Joi Expressway","New York","New York",10012
781,"el-Sha7@aol.com","80045 Johnston Drive Suite 569","New York","New York",10013
782,"ViaAli8@fastmail.net","72349 Goodwin Haven","New York","New York",10007
783,"EvaCha1@gmail.com","1778 Gibson Key","New York","New York",10012
784,"ArcTec9@yahoo.com","4840 Schamberger Well Apt. 839","New York","New York",10006
785,"el-Rai8@gmail.com","5782 Padberg Ways Apt. 078","New York","New York",10002
786,"HonCam2@gmail.com","711 Von Fall Apt. 147","New York","New York",10002
787,"StoSco3@gmail.com","0037 Thurlow Gardens","New York","New York",10007
788,"el-Taa6@fastmail.net","894 Russel Circle Suite 109","New York","New York",10005
789,"YouRob7@yahoo.com","47067 Will Plains","New York","New York",10005
790,"CroDj 5@gmail.com","2352 Mohr Radial Apt. 173","New York","New York",10006
791,"PerTha3@fastmail.net","84389 Schoen Greens Apt. 675","New York","New York",10013
792,"al-Ash9@yahoo.com","745 Osinski Curve Apt. 412","New York","New York",10013
793,"ShaNat3@gmail.com","1470 Howe Forge","New York","New York",10007
794,"YiJer7@fastmail.net","1757 Oberbrunner Orchard Suite 904","New York","New York",10013
795,"al-Lab6@gmail.com","964 Kenia Forest Suite 876","New York","New York",10005
796,"LanGer9@fastmail.net","8197 Casper Hollow Apt. 162","New York","New York",10007
797,"HogAla2@yahoo.com","90363 Kathyrn Greens","New York","New York",10005
798,"el-Abo7@verizon.net","3880 Jamari Squares Apt. 901","New York","New York",10012
799,"McpRac1@fastmail.net","47584 Jerome Lake Suite 029","New York","New York",10005
800,"ShrJoh9@verizon.net","80334 Willms Pines Apt. 494","New York","New York",10007
801,"RedSte5@gmail.com","54876 Macejkovic Haven","New York","New York",10012
802,"MacJua4@fastmail.net","590 Reggie Via Suite 940","New York","New York",10006
803,"MclHan6@gmail.com","0799 Morissette Mall Suite 878","New York","New York",10006
804,"JosPad3@gmail.com","4889 Wisozk Way Apt. 716","New York","New York",10005
805,"OchAng2@gmail.com","2414 Gardner Key Apt. 875","New York","New York",10006
806,"StoSop2@fastmail.net","76038 Audy Inlet","New York","New York",10012
807,"al-Jar9@gmail.com","75428 Lillis Green Suite 923","New York","New York",10006
808,"RagRic5@fastmail.net","2731 Risa Ferry","New York","New York",10002
809,"EagMad9@fastmail.net","5751 Sherlyn Junctions Apt. 533","New York","New York",10013
810,"FreTee8@fastmail.net","8792 Myrtle Roads Apt. 969","New York","New York",10005
811,"MorTyl1@yahoo.com","440 Bode Flats Apt. 059","New York","New York",10006
812,"LikTim8@verizon.net","7219 Jordan Dam Apt. 116","New York","New York",10002
813,"CheBen4@gmail.com","952 Shirleen Loop Apt. 855","New York","New York",10002
814,"KinLis8@aol.com","916 Terry Passage","New York","New York",10002
815,"LanZou1@aol.com","19949 Leffler Crossing","New York","New York",10006
816,"al-Ins8@verizon.net","657 Hermiston Street Suite 671","New York","New York",10002
817,"GarGer5@gmail.com","540 Aliyah Parks Suite 760","New York","New York",10013
818,"PriJos9@verizon.net","16247 Cherise Harbors","New York","New York",10007
819,"HopMat6@verizon.net","035 Ritchie Throughway Apt. 012","New York","New York",10013
820,"al-Shu9@fastmail.net","78267 Brynlee Key","New York","New York",10013
821,"GalCia9@aol.com","1261 Mills Parks","New York","New York",10005
822,"LopMic2@gmail.com","97998 Nolia Mountain Suite 021","New York","New York",10006
823,"DurLer8@fastmail.net","562 Marylin Point Suite 481","New York","New York",10013
824,"MalCyn1@gmail.com","66239 Schuppe Shore Apt. 967","New York","New York",10007
825,"el-Kam3@yahoo.com","923 Tate Ways Apt. 820","New York","New York",10013
826,"TruMar2@aol.com","78284 Luettgen Unions","New York","New York",10006
827,"JenNic4@gmail.com","55823 Gaylord Viaduct Apt. 725","New York","New York",10013
828,"FreMar6@yahoo.com","674 Orn Villages","New York","New York",10005
829,"RomMar3@verizon.net","25571 Brakus Forges","New York","New York",10002
830,"el-Nab2@yahoo.com","2551 Von Dale","New York","New York",10007
831,"MerBri2@yahoo.com","2077 Hayes Cove","New York","New York",10013
832,"el-Jiy4@fastmail.net","20191 Stracke Meadow Suite 865","New York","New York",10007
833,"CasJer6@gmail.com","1405 Hank Freeway","New York","New York",10013
834,"JauMar4@verizon.net","4041 Halvorson Underpass Suite 603","New York","New York",10012
835,"TruMar8@fastmail.net","9739 Salena Walk","New York","New York",10007
836,"FleHaw1@yahoo.com","6585 Waldo Parks Suite 846","New York","New York",10002
837,"RomSte6@verizon.net","95603 Earlie Highway","New York","New York",10007
838,"el-Lut6@yahoo.com","61608 Bayer Camp","New York","New York",10006
839,"LemWil2@verizon.net","80405 Kutch Skyway","New York","New York",10013
840,"ManSha7@aol.com","104 Feil Neck","New York","New York",10007
841,"RouChr2@fastmail.net","450 Buell Brook","New York","New York",10002
842,"JonJor4@yahoo.com","8749 Baxter Light","New York","New York",10002
843,"BenLak6@yahoo.com","28165 West Land Apt. 125","New York","New York",10013
844,"el-Mah4@gmail.com","589 Myrl Overpass","New York","New York",10012
845,"GriMar7@fastmail.net","861 Vickie Hill Suite 438","New York","New York",10006
846,"YocKat1@aol.com","85729 Marks Circles","New York","New York",10007
847,"HreSte4@gmail.com","8693 Tanisha Plains","New York","New York",10012
848,"TorJos3@fastmail.net","440 Abner Hills Suite 136","New York","New York",10013
849,"ThoCon4@verizon.net","2039 Jaxton Throughway","New York","New York",10002
850,"AteKar4@gmail.com","856 White Meadows Apt. 466","New York","New York",10002
851,"el-Mub1@aol.com","91270 Imani Points","New York","New York",10012
852,"al-Kha7@verizon.net","25861 Flatley Streets","New York","New York",10012
853,"al-Haa8@aol.com","5901 Osinski Mission","New York","New York",10002
854,"JenDav7@gmail.com","3955 Mickie Key","New York","New York",10007
855,"SalYaw5@gmail.com","0079 Hodkiewicz Row","New York","New York",10005
856,"FruKad2@gmail.com","95850 Auer Streets Apt. 893","New York","New York",10002
857,"BolMad1@verizon.net","293 Prosacco Expressway Suite 736","New York","New York",10012
858,"EstZac9@fastmail.net","75796 Conn Shores","New York","New York",10005
859,"ManTyl2@verizon.net","257 Keeling Harbor","New York","New York",10006
860,"ParSur2@fastmail.net","746 Brandie Turnpike","New York","New York",10007
861,"BegTro7@yahoo.com","96692 Torp Orchard","New York","New York",10002
862,"HenHal3@fastmail.net","321 Arla Freeway","New York","New York",10005
863,"SieJos8@fastmail.net","19090 Rowe Mission Apt. 110","New York","New York",10002
864,"al-Mub4@yahoo.com","722 Cayla Forge","New York","New York",10002
865,"BegSie2@gmail.com","042 O'Keefe Crossing Suite 290","New York","New York",10006
866,"DavTia7@aol.com","754 Cormier Row","New York","New York",10006
867,"al-Zuh7@yahoo.com","51793 Leuschke Coves Suite 606","New York","New York",10013
868,"RupChe5@fastmail.net","2468 Parlee Views","New York","New York",10007
869,"CamAnt8@yahoo.com","2370 Domonique Course Apt. 907","New York","New York",10013
870,"EtsTim6@gmail.com","01075 Exa Manors","New York","New York",10007
871,"el-Muk1@aol.com","711 Orn Corner Suite 293","New York","New York",10007
872,"el-Afe2@yahoo.com","82787 Vandervort Forest Suite 839","New York","New York",10006
873,"KimSha1@yahoo.com","786 Quigley Gateway","New York","New York",10006
874,"KnoCas3@yahoo.com","358 Thursa Lights Suite 464","New York","New York",10005
875,"EarBri6@fastmail.net","31776 Ondricka Shore","New York","New York",10013
876,"OraHen7@aol.com","07841 Toy Villages Apt. 028","New York","New York",10007
877,"el-Muh4@gmail.com","2114 Ciera Fort","New York","New York",10007
878,"NagMck3@yahoo.com","90244 Leigh Unions","New York","New York",10005
879,"WilTre2@verizon.net","4016 Olson Spurs Suite 232","New York","New York",10007
880,"McaEri6@yahoo.com","93601 Clement Ranch","New York","New York",10007
881,"al-Dha4@aol.com","3893 Ishmael Garden","New York","New York",10005
882,"MirMic9@gmail.com","884 Cummings Summit Suite 876","New York","New York",10005
883,"al-Fik7@gmail.com","661 Emmitt Valleys Suite 100","New York","New York",10005
884,"GraBai5@yahoo.com","034 Kuhic Crossing Suite 473","New York","New York",10007
885,"ParSym1@gmail.com","4810 Jast Common","New York","New York",10013
886,"al-Nee8@gmail.com","3948 Okuneva Skyway","New York","New York",10006
887,"el-Jal8@verizon.net","5438 Brekke Unions","New York","New York",10005
888,"VigJor3@yahoo.com","1503 Stamm Meadow Apt. 916","New York","New York",10002
889,"al-Aas5@gmail.com","6069 Koch Lights","New York","New York",10012
890,"SneMyl5@verizon.net","050 Weimann Cove Apt. 166","New York","New York",10005
891,"SmiMar8@verizon.net","228 Sophie Prairie","New York","New York",10007
892,"HaaTos2@aol.com","7588 Parisian Drives Suite 069","New York","New York",10005
893,"DesKri1@gmail.com","322 Joni Villages Apt. 562","New York","New York",10012
894,"JohFlo3@aol.com","3936 Kaden Land","New York","New York",10012
895,"NtuPay4@aol.com","054 Ali Mount","New York","New York",10012
896,"SouWes3@verizon.net","871 Gladstone Place Suite 851","New York","New York",10005
897,"GerBec4@yahoo.com","7431 Gustaf Coves","New York","New York",10002
898,"SwaKal4@fastmail.net","542 Beer Mills Suite 542","New York","New York",10006
899,"el-Dha9@fastmail.net","24475 Pfannerstill Mall Suite 432","New York","New York",10002
900,"HunBri1@gmail.com","95822 Uriah Wall","New York","New York",10002
901,"el-Ars4@gmail.com","029 Allen Points Apt. 497","New York","New York",10002
902,"GreJen1@aol.com","4660 Collier Village","New York","New York",10013
903,"el-Has9@yahoo.com","192 Pierre Motorway","New York","New York",10007
904,"MaeMat4@fastmail.net","6404 Kuphal Mills","New York","New York",10005
905,"EncEli3@fastmail.net","0263 Araceli Ridge","New York","New York",10013
906,"HerLog9@gmail.com","820 Deloris Bridge","New York","New York",10007
907,"VilVer6@verizon.net","47438 Walsh Street","New York","New York",10002
908,"BosRic2@verizon.net","49891 Lisle Square Suite 773","New York","New York",10005
909,"CabCel1@gmail.com","57911 Klein Corners","New York","New York",10012
910,"StrDeh2@gmail.com","04037 Kordell Crossing Suite 373","New York","New York",10006
911,"DanSur7@verizon.net","087 Leannon Track Suite 142","New York","New York",10002
912,"PeeBen4@aol.com","33928 Salome Coves Suite 661","New York","New York",10002
913,"GalGra9@aol.com","52169 Keebler Fords Apt. 047","New York","New York",10007
914,"WilBre6@fastmail.net","06685 Martin Manors","New York","New York",10005
915,"al-Saf8@gmail.com","93000 Von Greens Apt. 088","New York","New York",10002
916,"MarTal2@fastmail.net","57127 Jazmin Shores","New York","New York",10013
917,"SchKyl6@fastmail.net","05396 Venita Highway","New York","New York",10005
918,"AtwLin2@verizon.net","56597 Austen Club","New York","New York",10002
919,"NguMic1@fastmail.net","2932 Shirleyann Forges","New York","New York",10006
920,"AbeAna6@yahoo.com","9698 Dot Circles","New York","New York",10006
921,"LeAle7@fastmail.net","29353 Weimann Freeway","New York","New York",10005
922,"el-Has6@yahoo.com","131 Kuvalis Motorway","New York","New York",10002
923,"al-Sah4@gmail.com","26348 Abb Way Apt. 350","New York","New York",10007
924,"RobSha1@gmail.com","6017 Ondricka Terrace","New York","New York",10012
925,"LatHow3@yahoo.com","55267 Nienow Keys Suite 141","New York","New York",10013
926,"MarCas1@aol.com","1754 Cooper Manors","New York","New York",10012
927,"BonCai1@fastmail.net","707 Kelli Stream","New York","New York",10002
928,"al-Azm8@verizon.net","9141 Mitchell Estates Suite 925","New York","New York",10002
929,"LeWes9@gmail.com","713 Gabriella Courts","New York","New York",10006
930,"al-Mam3@yahoo.com","0729 Knox Vista","New York","New York",10005
931,"HolChr1@yahoo.com","03779 Forest Junction Suite 262","New York","New York",10012
932,"BurBra1@verizon.net","76243 Roberts Manor Apt. 668","New York","New York",10012
933,"el-Faa8@gmail.com","1126 Dione Spur","New York","New York",10002
934,"el-Kaa7@aol.com","09433 Mike Lake","New York","New York",10007
935,"PriKai8@gmail.com","9141 Lynwood Wall Apt. 855","New York","New York",10013
936,"QuiAnt1@gmail.com","12701 Lupe Fall","New York","New York",10006
937,"JacJor5@fastmail.net","923 Greenfelder Crest Apt. 123","New York","New York",10002
938,"al-Far5@gmail.com","2005 Ayana Mountains Apt. 326","New York","New York",10006
939,"al-Ame2@yahoo.com","28354 Malaki Mills Apt. 289","New York","New York",10013
940,"LabCes2@fastmail.net","6696 Goodwin Locks Suite 532","New York","New York",10013
941,"ClaDev4@fastmail.net","68135 Deliah Light Suite 337","New York","New York",10006
942,"LabJos9@yahoo.com","267 Kuphal Burgs Apt. 627","New York","New York",10012
943,"RobDav3@aol.com","2457 Daniele Rue Suite 001","New York","New York",10002
944,"MccLed6@gmail.com","830 Goodwin Coves","New York","New York",10005
945,"al-Sir2@yahoo.com","885 Jacobson Circle","New York","New York",10002
946,"KefMar8@yahoo.com","48938 Lupe Fields Apt. 712","New York","New York",10002
947,"SonRon2@gmail.com","512 Felipa Field Suite 035","New York","New York",10013
948,"el-Abd8@yahoo.com","54822 Andrea Fords","New York","New York",10002
949,"al-Uly8@gmail.com","79340 Johnson Knolls Suite 083","New York","New York",10007
950,"el-Gha9@yahoo.com","87132 Zboncak Rapids","New York","New York",10007
951,"NalGir3@gmail.com","1753 Hermann River Apt. 777","New York","New York",10005
952,"MurJar6@yahoo.com","755 Pricilla Rue","New York","New York",10013
953,"BoyMic5@gmail.com","747 Smith Mountains","New York","New York",10012
954,"MarDea5@gmail.com","654 Otis Flats","New York","New York",10007
955,"ValDer6@yahoo.com","436 Zulauf Brook","New York","New York",10002
956,"MazMar9@gmail.com","1925 Dibbert Lane","New York","New York",10005
957,"QuaEnk6@verizon.net","6860 Pacocha Road Suite 853","New York","New York",10007
958,"BarAnn9@fastmail.net","3006 Erdman Valleys","New York","New York",10007
959,"el-Taq8@yahoo.com","1620 Levy Freeway","New York","New York",10007
960,"RobIvo9@yahoo.com","63827 Lemuel Avenue Suite 394","New York","New York",10007
961,"el-Gha9@aol.com","343 Lyndsay Squares","New York","New York",10002
962,"CroHer9@fastmail.net","61191 Sawayn Ramp Suite 246","New York","New York",10012
963,"WelKat5@gmail.com","790 Maebell Field","New York","New York",10002
964,"SipLau6@aol.com","98496 Lindgren Gardens","New York","New York",10002
965,"MccNou8@yahoo.com","95564 Annika Throughway","New York","New York",10013
966,"SmiAli1@gmail.com","12911 Audy Cove Apt. 849","New York","New York",10002
967,"al-Shu4@gmail.com","34996 Junie Points Suite 326","New York","New York",10013
968,"RheGo9@gmail.com","209 Zulauf Cliff","New York","New York",10013
969,"LovFel1@gmail.com","6296 Tillman Plain","New York","New York",10006
970,"al-Abd9@fastmail.net","0480 Monahan Ford Apt. 444","New York","New York",10007
971,"BlaBri6@fastmail.net","343 Cierra Circles","New York","New York",10002
972,"AlaSar6@yahoo.com","6359 Elida Ranch Suite 000","New York","New York",10006
973,"MccDio4@aol.com","4759 Salma Plains","New York","New York",10012
974,"DavJus6@gmail.com","4245 Leonore Centers Apt. 752","New York","New York",10012
975,"al-Nas3@gmail.com","587 Lemmie Drive Suite 247","New York","New York",10013
976,"MalFel5@fastmail.net","456 Baumbach Pass Suite 657","New York","New York",10005
977,"RicKat2@gmail.com","8787 Towanda Spurs","New York","New York",10013
978,"el-Nab9@verizon.net","0476 Shiloh Forest Suite 260","New York","New York",10002
979,"GreAsh9@yahoo.com","5954 Flatley Field","New York","New York",10005
980,"LogJes1@gmail.com","88764 Jayla Via Apt. 013","New York","New York",10007
981,"SamKev9@aol.com","7281 Kaden Rapids","New York","New York",10005
982,"BanKha1@fastmail.net","1367 Redden Common Apt. 975","New York","New York",10006
983,"GraCha6@verizon.net","992 Reinger Junction Apt. 644","New York","New York",10007
984,"el-Naw5@gmail.com","70494 Nan Parks Apt. 079","New York","New York",10002
985,"HalReb8@gmail.com","90799 Gurney Coves","New York","New York",10002
986,"TucAnd7@gmail.com","4695 Thursa Key","New York","New York",10012
987,"BroPat6@gmail.com","070 Murray Corners Apt. 317","New York","New York",10007
988,"GnaTho9@fastmail.net","319 Wunsch Falls","New York","New York",10007
989,"OspCai6@gmail.com","796 Mittie Passage","New York","New York",10002
990,"OreMil4@gmail.com","053 West Shore","New York","New York",10006
991,"HogShe6@fastmail.net","865 Allan Fork","New York","New York",10012
992,"BarJen7@gmail.com","365 Lella Club","New York","New York",10006
993,"BucNic2@fastmail.net","27863 Nolan Motorway","New York","New York",10002
994,"LawVin9@verizon.net","4587 Lovie Land","New York","New York",10012
995,"TalCha5@fastmail.net","358 Barnett Row","New York","New York",10006
996,"BlaSie6@yahoo.com","1208 Marion Valley Apt. 480","New York","New York",10013
997,"BodBre8@yahoo.com","4876 Luana Club Suite 364","New York","New York",10007
998,"al-Daa7@gmail.com","54471 Jace Groves Apt. 706","New York","New York",10013
999,"SpaSte7@gmail.com","538 Kessler Station","New York","New York",10002
1000,"KnuAus3@aol.com","137 Squire Fork Suite 046","New York","New York",10007
